candidate_id,group,family,anchor_candidate_id,height_nm,period_x_nm,period_y_nm,p1_shape,p1_length_nm,p1_width_nm,p1_notch_depth_nm,p1_notch_width_nm,p1_notch_side,target_bin_deg,config_path,fdtd_status,rationale
cpk_zero_l60_lhs_h232_p1geom121x58_01,integer_p1_minor_compensation,integer_p1_length_width_compensation,aggr_lhs_retention_dy_05,232,340,340,rectangle,121,58,,,,0,configs/apcd_k6_phase_state_candidates/cpk_zero_l60_lhs_h232_p1geom121x58_01.yaml,not_run,Integer length +1 nm check at fixed h232 official route.
cpk_zero_l60_lhs_h232_p1geom120x57_01,integer_p1_minor_compensation,integer_p1_length_width_compensation,aggr_lhs_retention_dy_05,232,340,340,rectangle,120,57,,,,0,configs/apcd_k6_phase_state_candidates/cpk_zero_l60_lhs_h232_p1geom120x57_01.yaml,not_run,Integer width -1 nm check at fixed h232 official route.
cpk_zero_l60_lhs_h232_p1geom119x58_01,integer_p1_minor_compensation,integer_p1_length_width_compensation,aggr_lhs_retention_dy_05,232,340,340,rectangle,119,58,,,,0,configs/apcd_k6_phase_state_candidates/cpk_zero_l60_lhs_h232_p1geom119x58_01.yaml,not_run,Integer length -1 nm check at fixed h232 official route.
cpk_zero_l60_lhs_h232_p1geom120x59_01,integer_p1_minor_compensation,integer_p1_length_width_compensation,aggr_lhs_retention_dy_05,232,340,340,rectangle,120,59,,,,0,configs/apcd_k6_phase_state_candidates/cpk_zero_l60_lhs_h232_p1geom120x59_01.yaml,not_run,Integer width +1 nm check at fixed h232 official route.
cpk_zero_l60_lhs_h232_p1geom118x58_01,integer_p1_minor_compensation,integer_p1_length_width_compensation,aggr_lhs_retention_dy_05,232,340,340,rectangle,118,58,,,,0,configs/apcd_k6_phase_state_candidates/cpk_zero_l60_lhs_h232_p1geom118x58_01.yaml,not_run,Integer length -2 nm check at fixed h232 official route.
cpk_zero_l60_lhs_h232_p1geom122x58_01,integer_p1_minor_compensation,integer_p1_length_width_compensation,aggr_lhs_retention_dy_05,232,340,340,rectangle,122,58,,,,0,configs/apcd_k6_phase_state_candidates/cpk_zero_l60_lhs_h232_p1geom122x58_01.yaml,not_run,Integer length +2 nm check at fixed h232 official route.
cpk_zero_l60_lhs_h232_p1geom120x58_notch_p1_right4_01,integer_mild_p1_notch,integer_mild_p1_notch_compensation,aggr_lhs_retention_dy_05,232,340,340,notched_rectangle,120,58,4,18,right,0,configs/apcd_k6_phase_state_candidates/cpk_zero_l60_lhs_h232_p1geom120x58_notch_p1_right4_01.yaml,not_run,Mild integer right-side p1 notch at fixed h232 using existing schema.
cpk_zero_l60_lhs_h232_p1geom120x58_notch_p1_left4_01,integer_mild_p1_notch,integer_mild_p1_notch_compensation,aggr_lhs_retention_dy_05,232,340,340,notched_rectangle,120,58,4,18,left,0,configs/apcd_k6_phase_state_candidates/cpk_zero_l60_lhs_h232_p1geom120x58_notch_p1_left4_01.yaml,not_run,Mild integer left-side p1 notch at fixed h232 using existing schema.
cpk_zero_l60_lhs_h232_p1geom120x58_notch_p1_right6_01,integer_mild_p1_notch,integer_mild_p1_notch_compensation,aggr_lhs_retention_dy_05,232,340,340,notched_rectangle,120,58,6,20,right,0,configs/apcd_k6_phase_state_candidates/cpk_zero_l60_lhs_h232_p1geom120x58_notch_p1_right6_01.yaml,not_run,Mild integer right-side p1 notch depth 6 nm at fixed h232 using existing schema.
